;Cases;S;U;Q;I;date
0;2171.9999999990005;2720000.0;6516.0;1778.0332879473676;10466.033287946368;2020-05-09
1;2347.9164507403125;2718745.64091068;7627.882844789413;1744.5930817371127;11720.392377266839;2020-05-10
2;2521.7961279182136;2717278.0393733443;8928.703545553502;1737.494241130457;13187.993914602172;2020-05-11
3;2696.3402957774833;2715561.2559805075;10450.274278674804;1758.1627329870214;14904.777307439308;2020-05-12
4;2874.4186578730996;2713553.4091708176;12229.6554437421;1808.550015513325;16912.624117128526;2020-05-13
5;3059.12472816329;2711205.7357448377;14309.981095805613;1891.1917191395753;19260.297543108478;2020-05-14
6;3253.837663486265;2708461.517872052;16741.399993329298;2009.2777590782516;22004.515415893817;2020-05-15
7;3462.2917325999947;2705254.8644186463;19582.14207942569;2166.735057273701;25211.168869299385;2020-05-16
8;3688.654691796304;2701509.3358694776;22899.71861448853;2368.3241121835094;28956.697418468342;2020-05-17
9;3937.616629458326;2697136.4018909405;26772.263873141233;2619.7508944061374;33329.631397005694;2020-05-18
10;4214.490787337726;2692033.728569195;31290.018719965905;2927.7952114477216;38432.30471875135;2020-05-19
11;4525.3280506647125;2686083.296829096;36556.951708238834;3300.456699947217;44382.73645885076;2020-05-20
12;4877.047083825309;2679149.364810299;42692.50201148332;3747.1193823391104;51316.668477647734;2020-05-21
13;5277.581718420603;2671076.302269285;49833.41440594151;4278.734894299706;59389.73101866182;2020-05-22
14;5736.047647465321;2661686.3449026905;58135.61663599091;4908.0241018004845;68779.68838525671;2020-05-23
15;6262.930146558634;2650777.3451636876;67776.06256143836;5649.69541626247;79688.68812425947;2020-05-24
16;6870.29432491724;2638120.6327772443;78954.42966875553;6520.676517029947;92345.40051070272;2020-05-25
17;7572.018995638959;2623459.1446903306;91894.51560320762;7540.353998769599;107006.88859761617;2020-05-26
18;8384.054571802806;2606506.0423106044;106845.1239687478;8730.812436791612;123959.99097734221;2020-05-27
19;9324.704326933937;2586944.103293623;124080.16520002707;10117.060467362282;143521.9299943233;2020-05-28
20;10414.92697661846;2564426.2459462183;143897.63326979987;11727.227095309738;166039.78734172808;2020-05-29
21;11678.656408362;2538577.634201692;166617.03755287276;13592.705125019666;191888.39908625442;2020-05-30
22;13143.131990571816;2508999.875033431;192574.81348056957;15748.21278337394;221466.15825451535;2020-05-31
23;14839.229424769857;2475277.877734427;222117.18888502743;18231.737243722753;255188.15555352002;2020-06-01
24;16801.778291516923;2436989.949573108;255589.9880382807;21084.317385041533;293476.0837148392;2020-06-02
25;19069.847950994266;2393721.6415354228;293324.92601024476;24349.617791284825;336744.39175252384;2020-06-03
26;21686.978126672067;2345083.683938566;335622.1281321654;28073.243090543154;385382.3493493806;2020-06-04
27;24701.326038558822;2290734.0467236107;382728.9154514463;32301.745074330647;439731.98656433576;2020-06-05
28;28165.697168063005;2230403.687868727;434815.3643972069;37081.28385394962;500062.3454192196;2020-06-06
29;32137.42395972462;2163924.9241416277;491947.76116783574;42455.924018758386;566541.1091463187;2020-06-07
30;36678.05617185888;2091260.6108476298;554061.7894833601;48465.57678509741;639205.4224403164;2020-06-08
31;41852.82966044299;2012531.5527055343;620938.0107422697;55143.6401796989;717934.4805824116;2020-06-09
32;47729.88849911851;1928038.8922304802;692182.8098861541;62514.44267219287;802427.1410574655;2020-06-10
33;54379.247150016905;1838278.028104858;767218.11703479;70590.64099828106;892188.005183088;2020-06-11
34;61871.49956521629;1743940.6440309316;845283.1057444803;79370.78394731786;986525.3892570144;2020-06-12
35;70276.30180903865;1645902.496497246;925449.9614568168;88837.27352484466;1084563.5367907002;2020-06-13
36;79660.68139118372;1545196.0089976029;1006654.3745623786;98954.96833678086;1185270.0242903433;2020-06-14
37;90087.24784083877;1442968.7654277978;1087739.3802650222;109670.63975428721;1287497.267860148;2020-06-15
38;101612.39797503209;1340431.1134347257;1167509.0960216424;120913.42585654595;1390034.9198532205;2020-06-16
39;114284.6189259825;1238797.8163793795;1244787.2677069816;132596.3302756025;1491668.2169085667;2020-06-17
40;128142.99113398297;1139229.6881572611;1318474.6519636104;144618.7020330913;1591236.3451306848;2020-06-18
41;143215.9814298364;1042781.1224748373;1387599.4075144017;156869.52186887048;1687684.9108131088;2020-06-19
42;159520.5945331119;950358.3723321842;1451355.8301956274;169231.23622702277;1780107.660955762;2020-06-20
43;177061.9227428469;862691.680740599;1509128.5976790017;181583.83212549848;1867774.352547347;2020-06-21
44;195833.10199340695;780322.2632655313;1560501.8270645298;193808.84096447838;1950143.770022415;2020-06-22
45;215815.65300386265;703603.2033905959;1605254.1810028383;205792.99589064947;2026862.8298973504;2020-06-23
46;236980.1617729991;632711.8695086533;1643342.6703490836;217431.33165721042;2097754.163779293;2020-06-24
47;259287.23636623047;567670.6338271723;1674878.567433524;228629.59566101976;2162795.399460774;2020-06-25
48;282688.66797503486;508372.49225508544;1700098.9552516844;239305.91780614195;2222093.5410328615;2020-06-26
49;307128.72222151863;454608.5049746524;1719337.0461646358;249391.75992713976;2275857.528313294;2020-06-27
50;332545.4923109115;406094.60045815166;1732993.7283126162;258832.2122062672;2324371.432829795;2020-06-28
51;358872.25338882045;362496.011892659;1741512.0265551757;267585.74145129137;2367970.0213952875;2020-06-29
52;386038.769155431;323448.32905083906;1745355.4258425483;275623.5092391283;2407017.7042371077;2020-06-30
53;413972.5138859662;288574.74398402986;1744990.3959071806;282928.37951077014;2441891.289303917;2020-07-01
54;442599.7842150242;257499.50649157283;1740873.0172042705;289493.7253770795;2472966.5267963745;2020-07-02
55;471846.6856389665;229857.8946158199;1733439.3234584949;295322.12957466574;2500608.1386721274;2020-07-03
56;501639.98697440693;205303.16446980328;1723098.826774573;300424.0550691639;2525162.868818144;2020-07-04
57;531907.8429277495;183511.00466385475;1710230.6417135426;304816.5439828002;2546955.028624092;2020-07-05
58;562580.3896526102;164182.01493343367;1695181.6417202016;308521.98698170175;2566284.0183545137;2020-07-06
59;593590.222119046;147042.68167695505;1678266.139973877;311566.98951806914;2583423.351610992;2020-07-07
60;624872.7636179924;131845.256886886;1659766.6616166756;313981.35116639314;2598620.776401061;2020-07-08
61;656366.5390294667;118366.87507769062;1639935.4541838847;315797.1649969054;2612099.158210257;2020-07-09
62;688013.3641862599;106408.17338222581;1618996.459492793;317048.0362266688;2624057.8599057216;2020-07-10
63;719758.4628357812;95791.61738360075;1597147.5370567292;317768.41601183644;2634674.415904347;2020-07-11
64;751550.5224034275;86359.68321770185;1574562.785179132;317993.0424876862;2644106.3500702456;2020-07-12
65;783341.6988968519;77973.00355962022;1551394.851249519;317756.47958195646;2652493.0297283274;2020-07-13
66;815087.5800926003;70508.55152067482;1527777.1582441987;317092.74343047396;2659957.4817672726;2020-07-14
67;846747.1153452516;63857.91079370209;1503826.00127696;316035.00587203435;2666608.122494246;2020-07-15
68;878282.5191626707;57925.66112868754;1479642.4880420263;314615.3649545634;2672540.3721592603;2020-07-16
69;909659.1547838585;52627.89436268365;1455314.3112133224;312864.67292808316;2677838.138925264;2020-07-17
70;940845.4030665191;47890.866407453985;1430917.3508237265;310812.4129902482;2682575.166880494;2020-07-18
71;971812.521152194;43649.783941385525;1406517.1112725476;308486.61692182027;2686816.2493465617;2020-07-19
72;1002534.4946456663;39847.72022618497;1382170.0017945883;305913.81662150775;2690618.3130617626;2020-07-20
73;1032987.8863842128;36434.65186315093;1357924.4716263316;303119.02341425203;2694031.3814247963;2020-07-21
74;1063151.6843016155;33366.60688331681;1333822.0122840346;300125.7298189806;2697099.4264046308;2020-07-22
75;1093007.1503769776;30604.914015893155;1309898.0396505536;296955.9292445229;2699861.119272054;2020-07-23
76;1122537.6723652228;28115.54302929471;1286182.6683364448;293630.14955698524;2702350.4902586527;2020-07-24
77;1151728.6193399199;25868.526347406576;1262701.3900617685;290167.4975388528;2704597.506940541;2020-07-25
78;1180567.2021435578;23837.452673916003;1239475.667246598;286585.7112238758;2706628.5806140318;2020-07-26
79;1209042.3393823956;21999.024506993646;1216523.4514771816;282901.2179213766;2708467.008780954;2020-07-27
80;1237144.5294098756;20332.67163593388;1193859.6362024795;279129.19603965874;2710133.361652014;2020-07-28
81;1264865.7286502244;18820.213626062152;1171496.4519338403;275283.63907782093;2711645.8196618855;2020-07-29
82;1292199.2363403605;17445.56535644464;1149443.8109107353;271377.4206804069;2713020.4679315025;2020-07-30
83;1319139.5857982077;16194.480256449751;1127709.6075341692;267422.3596991209;2714271.5530314976;2020-07-31
84;1345682.4421662565;15054.326059957612;1106299.9806608425;263429.28440089093;2715411.70722799;2020-08-01
85;1371824.5065122198;14013.889125380483;1085219.5423675;259408.0952828473;2716452.1441625673;2020-08-02
86;1397563.4261166598;13063.203630686578;1064471.5775153858;255367.82602521518;2717402.829657261;2020-08-03
87;1422897.7107387683;12193.402435877766;1044058.2178706337;251316.7022426676;2718272.6308520697;2020-08-04
88;1447826.6546528724;11396.586577669648;1023980.5943318174;247262.197725588;2719069.4467102773;2020-08-05
89;1472350.264168535;10665.711200343114;1004238.9698329355;243211.0880861339;2719800.3220876046;2020-08-06
90;1496469.190380928;9994.485738984444;984832.8554798244;239169.50168821067;2720471.547548963;2020-08-07
91;1520184.666876521;9377.286480485029;965761.1121153198;235142.96781562184;2721088.7468074625;2020-08-08
92;1543498.4521200582;8809.079838969416;947022.0392612024;231136.46206771774;2721656.9534489783;2020-08-09
93;1566412.7762415952;8285.355073620287;928613.4529290312;227154.44904370123;2722180.6782143274;2020-08-10
94;1588930.2919593507;7802.065215316739;910532.7537472352;223200.92236604518;2722663.9680726314;2020-08-11
95;1611054.0293756903;7355.57509554586;892776.986703205;219279.44211350684;2723110.4581924025;2020-08-12
96;1632787.354389675;6942.615603015266;875342.8935285725;215393.1697666852;2723523.4176849327;2020-08-13
97;1654133.9304842919;6560.243401971397;858226.9586290376;211544.90077264703;2723905.7898859764;2020-08-14
98;1675097.683657819;6205.805426996977;841425.4493655912;207737.09483754096;2724260.227860951;2020-08-15
99;1695682.7702730235;5876.907504895251;824934.4514520427;203971.9040579866;2724589.1257830528;2020-08-16
100;1715893.5476167474;5571.386639478428;808749.9000173513;200251.19901437085;2724894.6466484694;2020-08-17
101;1735734.5469723155;5287.286498032109;792867.6068774747;196576.5929401255;2725178.7467899155;2020-08-18
102;1755210.449019187;5022.835708173536;777283.2844794922;192949.464081095;2725443.197579774;2020-08-19
103;1774326.061379381;4776.428598844036;761992.566951427;189370.97635829553;2725689.6046891036;2020-08-20
104;1793086.2981512991;4546.608119095235;746991.0285739985;185842.0984435548;2725919.4251688523;2020-08-21
105;1811496.161277101;4332.050665710211;732274.1999933484;182363.6213517879;2726133.9826222374;2020-08-22
106;1829560.7235993994;4131.552587340325;717837.5824507222;178936.17465048537;2726334.480700607;2020-08-23
107;1847285.1134723306;3944.0181645679295;703676.6602677811;175560.24138326786;2726522.0151233794;2020-08-24
108;1864674.5008007353;3768.4488878880425;689786.911799502;172236.17179982216;2726697.5844000597;2020-08-25
109;1881734.0844098052;3603.933930051903;676163.8189785513;168964.1959695391;2726862.0993578956;2020-08-26
110;1898469.0806087342;3449.6415939996527;662802.875711685;165744.43537352866;2727016.391693948;2020-08-27
111;1914884.7128722495;3304.8116845197274;649699.595191093;162576.91354008546;2727161.221603428;2020-08-28
112;1930986.2025388938;3168.748673843146;636849.5162740642;159461.56580114653;2727297.284614105;2020-08-29
113;1946778.7604487736;3040.81559921756;624248.2090075316;156398.24823242493;2727425.21768873;2020-08-30
114;1962267.5794282095;2920.4285591724524;611891.2794554099;153386.74584515576;2727545.604728775;2020-08-31
115;1977457.827567444;2807.0517995811942;599774.373840605;150426.78008031746;2727658.9814883666;2020-09-01
116;1992354.6422114;2700.1932857382367;587893.182125667;147518.01566514245;2727765.8400022094;2020-09-02
117;2006963.1246044927;2599.400720192352;576243.4410799585;144660.06688330395;2727866.632567755;2020-09-03
118;2021288.3351381696;2504.257959279342;564820.9368913206;141852.5032991779;2727961.775328668;2020-09-04
119;2035335.2891447737;2414.3817829192626;553621.5073757337;139094.85498452088;2728051.6515050284;2020-09-05
120;2049108.9531891614;2329.418979911772;542641.0438303114;136386.6172885632;2728136.614308036;2020-09-06
121;2062614.2418171994;2249.0437158708055;531875.492570061;133727.2551848164;2728216.989572077;2020-09-07
122;2075856.014721136;2172.955160314973;521320.8561759049;131116.20723059188;2728293.078127633;2020-09-08
123;2088839.074279444;2100.8753315321464;510973.19450407574;128552.88917289593;2728365.157956416;2020-09-09
124;2101568.1634417977;2032.547145446017;500828.62547360366;126036.69722710048;2728433.4861425017;2020-09-10
125;2114047.963930413;1967.73265863146;490883.32564321806;123567.0110556856;2728498.300629317;2020-09-11
126;2126283.094716749;1906.2114570345077;481133.5306359533;121143.19647821123;2728559.8218309134;2020-09-12
127;2138278.110768659;1847.7792139221192;471575.5353840018;118764.60792136524;2728618.254074026;2020-09-13
128;2150037.502017104;1792.2463562547769;462205.69426590233;116430.59064868689;2728673.7869316936;2020-09-14
129;2161565.6925493516;1739.4368751788502;453020.4210934726;114140.48276994488;2728726.596412769;2020-09-15
130;2172867.039979612;1689.1872224768083;444016.18901828845;111893.6170675708;2728776.846065471;2020-09-16
131;2183945.8350063423;1641.345322804918;435189.53032184986;109689.32263695124;2728824.6879651435;2020-09-17
132;2194806.301112953;1595.7696583578204;426537.0361410912;107526.9263755461;2728870.26362959;2020-09-18
133;2205452.5944205313;1552.3284457399413;418055.35610574944;105405.75431592714;2728913.704842208;2020-09-19
134;2215888.803659518;1510.898874686895;409741.19792384526;103325.1328298982;2728955.1344132614;2020-09-20
135;2226118.9502614643;1471.3664193443326;401591.32690202206;101284.38970511706;2728994.6668686033;2020-09-21
136;2236146.988547317;1433.6242035445425;393602.56542299065;99282.8551140957;2729032.4090844034;2020-09-22
137;2245976.80601108;1397.5724226672244;385771.79237684736;97319.86247735395;2729068.460865281;2020-09-23
138;2255612.223683672;1363.1178125780996;378095.9425575093;95394.74923418874;2729102.91547537;2020-09-24
139;2265056.9965695324;1330.173162896065;370572.0060272675;93506.85752825216;2729135.8601250523;2020-09-25
140;2274314.8141479893;1298.6568707247293;363197.02745389484;91655.53481533939;2729167.3764172234;2020-09-26
141;2283389.3009319543;1268.4925306088314;355968.1054252277;89840.13440015714;2729197.540757339;2020-09-27
142;2292284.017081498;1239.6085615670047;348882.3917399212;88060.01590496181;2729226.424726381;2020-09-28
143;2301002.4590469557;1211.937853348117;341937.09069574677;86314.54569189747;2729254.0954346;2020-09-29
144;2309548.060268844;1185.4174537565798;335129.4583486146;84603.09721673328;2729280.615834192;2020-09-30
145;2317924.191901591;1159.9882738628319;328456.80177020276;82925.05134229171;2729306.0450140857;2020-10-01
146;2326134.1635656366;1135.5948156619606;321916.47829835507;81279.79660829493;2729330.438472287;2020-10-02
147;2334181.2241323455;1112.1849269046716;315505.8947742364;79666.72945446208;2729353.848361044;2020-10-03
148;2342068.562517231;1089.7095664195947;309222.5067863282;78085.25441796976;2729376.323721529;2020-10-04
149;2349799.308502329;1068.1225945805427;303063.8179029309;76534.7842881083;2729397.9106933684;2020-10-05
150;2357376.533567724;1047.3805769011292;297027.3789076862;75014.7402356377;2729418.652711048;2020-10-06
151;2364803.2517315764;1027.44260084359;291110.78703769273;73524.55191783595;2729438.590687105;2020-10-07
152;2372082.4204070084;1008.2701105682138;285311.68521809654;72063.65755227586;2729457.763177381;2020-10-08
153;2379216.9412583057;989.8267492130577;279627.761305574;70631.50397485612;2729476.206538736;2020-10-09
154;2386209.6610667384;972.0782161797152;274056.74733133;69227.54667370078;2729493.955071769;2020-10-10
155;2393063.3725970252;954.9921339533345;268596.41875001526;67851.24980695511;2729511.041153996;2020-10-11
156;2399780.815460907;938.5379230286323;263244.593696064;66502.08620794944;2729527.4953649202;2020-10-12
157;2406364.676987951;922.6866887533902;257999.13224227927;65179.5373689652;2729543.3465991956;2020-10-13
158;2412817.5930883754;907.4111134738841;252857.93566867916;63883.09341742058;2729558.6221744753;2020-10-14
159;2419142.149115514;892.6853579549514;247818.94573641242;62612.25307806772;2729573.347929994;2020-10-15
160;2425340.880723742;878.4849696009386;242880.1439694916;61366.523625114954;2729587.5483183484;2020-10-16
161;2431416.2747190143;864.7867959079562;238039.55094601234;60145.42082701452;2729601.2464920413;2020-10-17
162;2437370.769907422;851.5689056999375;233295.2255953372;58948.46887948988;2729614.464382249;2020-10-18
163;2443206.7579317368;838.8105139827692;228645.26450620205;57775.20033602748;2729627.2227739664;2020-10-19
164;2448926.584104668;826.4919133397827;224087.80124185001;56625.15602809119;2729639.541374609;2020-10-20
165;2454532.5482347566;814.5944103746043;219621.00566375267;55497.88497906564;2729651.438877575;2020-10-21
166;2460026.9054375025;803.1002638076865;215243.08326784152;54392.94431879782;2729662.933024142;2020-10-22
167;2465411.8669409836;791.9926282042977;210952.27452807748;53309.89919068387;2729674.0406597448;2020-10-23
168;2470689.600886373;781.25550349634;206746.85424689233;52248.32265118786;2729684.7777844532;2020-10-24
169;2475862.2331119366;770.8736848208258;202625.1309190256;51207.795572166615;2729695.1596031287;2020-10-25
170;2480931.8479276444;760.8327159040653;198585.44610450693;50187.90653989432;2729705.2005720455;2020-10-26
171;2485900.4888854176;751.1188480565573;194626.17380797595;49188.25174649985;2729714.9144398933;2020-10-27
172;2490770.1595330457;741.7189994487793;190745.719870707;48208.43488474811;2729724.3142885007;2020-10-28
173;2495542.8241555393;732.6207163539683;186942.52137302305;47248.067043033414;2729733.412571596;2020-10-29
174;2500220.4085133956;723.812139696529;183215.0460426534;46306.76659220432;2729742.2211482534;2020-10-30
175;2504804.800564467;715.2819717741845;179561.79167524603;45384.15907646259;2729750.751316176;2020-10-31
176;2509297.8511735294;707.01944447363;175981.28556513286;44479.87710481394;2729759.0138434763;2020-11-01
177;2513701.3748153686;699.0142913246209;172472.0839432091;43593.56023804754;2729767.018996625;2020-11-02
178;2518017.1502643437;691.2567203138921;169032.77142552967;42724.854877762424;2729774.776567636;2020-11-03
179;2522246.9212715924;683.7373876097691;165661.9604721692;41873.41415657818;2729782.2959003397;2020-11-04
180;2526392.397233873;676.4473742378668;162358.2908537023;41038.8978261366;2729789.585913712;2020-11-05
181;2530455.253850533;669.3781637172126;159120.42912747563;40220.97214622339;2729796.655124232;2020-11-06
182;2534437.1337666856;662.521620361937;155947.06812388435;39419.30977701788;2729803.511667588;2020-11-07
183;2538339.6472085784;655.8699696558759;152836.9264406453;38633.58966906996;2729810.1633182936;2020-11-08
184;2542164.372607784;649.4157797726645;149788.74794605252;37863.496954340335;2729816.6175081767;2020-11-09
185;2545912.8572135507;643.1519436038714;146801.30129177723;37108.72283901722;2729822.8813443454;2020-11-10
186;2549586.61769503;637.0716621985144;143873.37943394025;36368.96449678077;2729828.9616257506;2020-11-11
187;2553187.1407331256;631.1684294150753;141003.7991625108;35643.92496289786;2729834.864858534;2020-11-12
188;2556715.8836009814;625.4360169784507;138191.4006398007;34933.31303018853;2729840.5972709707;2020-11-13
189;2560174.274734086;619.8684604699768;135435.0469472503;34236.84314614286;2729846.164827479;2020-11-14
190;2563563.714291764;614.4600465223181;132733.62363998176;33554.23530968103;2729851.5732414266;2020-11-15
191;2566885.574706597;609.2053002798077;130086.03831008855;32885.21497098375;2729856.827987669;2020-11-16
192;2570141.2012236984;604.0989735299794;127491.22015798568;32229.51293273511;2729861.934314419;2020-11-17
193;2573331.912432478;599.1360341424604;124948.11957094172;31586.865250386978;2729866.8972538067;2020-11-18
194;2576459.000786876;594.3116556824403;122455.70770991303;30957.013135477795;2729871.7216322664;2020-11-19
195;2579523.733115831;589.6212073225618;120012.97610438439;30339.70286041106;2729876.4120806265;2020-11-20
196;2582527.3511234694;585.0602437608462;117618.93625539172;29734.685665327273;2729880.973044188;2020-11-21
197;2585471.0718831457;580.6244976441499;115272.61924370151;29141.71766345788;2729885.4087903053;2020-11-22
198;2588356.0883199796;576.3098709658462;112973.07534704752;28560.5597499559;2729889.723416983;2020-11-23
199;2591183.5696841558;572.1124270326592;110719.37366442881;27990.977512331792;2729893.9208609164;2020-11-24
200;2593954.66201396;568.028382433081;108510.60174796298;27432.74114359276;2729898.004905516;2020-11-25
201;2596670.488594402;564.0541008228429;106345.8652401563;26885.62535256799;2729901.9791871263;2020-11-26
202;2599332.150404016;560.186086064404;104224.28751915548;26349.409278713203;2729905.8472018847;2020-11-27
203;2601940.7265534564;556.4209757719694;102145.00935068273;25823.876408038097;2729909.612312177;2020-11-28
204;2604497.274714781;552.7555347817669;100107.18854704074;25308.81449134557;2729913.2777531673;2020-11-29
205;2607002.831545336;549.186650142497;98109.99963133111;24804.015461139326;2729916.8466378064;2020-11-30
206;2609458.4131015614;545.7113255555965;96152.63350899226;24309.275351839686;2729920.3219623934;2020-12-01
207;2611865.015245185;542.3266761718291;94234.297145536;23824.394221056198;2729923.7066117767;2020-12-02
208;2614223.614041401;539.0299233764525;92354.2132507324;23349.176072438724;2729927.0033645723;2020-12-03
209;2616535.166150163;535.8183905900912;90511.61996812042;22883.428779075537;2729930.214897359;2020-12-04
210;2618800.6092094863;532.6894987911257;88705.77057098606;22426.964008685547;2729933.343789158;2020-12-05
211;2621020.862211133;529.6407622896908;86935.93316415996;21979.597150366306;2729936.392525659;2020-12-06
212;2623196.8258678173;526.6697844742432;85201.39039176085;21541.14724389628;2729939.3635034743;2020-12-07
213;2625329.382976074;523.7742543625681;83501.43915008969;21111.436907422747;2729942.2590335864;2020-12-08
214;2627419.39877021;520.951942948877;81835.39030639303;20690.292268396977;2729945.081345;2020-12-09
215;2629467.7212697472;518.2006997509402;80202.56842305619;20277.54289539416;2729947.8325881977;2020-12-10
216;2631475.1816205685;515.5184493479478;78602.31148729526;19873.021730737135;2729950.514838601;2020-12-11
217;2633442.5944286133;512.9031885081209;77033.97064573395;19476.56502509344;2729953.130099441;2020-12-12
218;2635370.7580876267;510.3529832004918;75496.90994436179;19088.01227275969;2729955.680304748;2020-12-13
219;2637260.4551004143;507.8659657591187;73990.50607353375;18707.206148241046;2729958.167322189;2020-12-14
220;2639112.452393518;505.44033204627266;72514.1481179999;18333.992444384265;2729960.592955902;2020-12-15
221;2640927.5016263956;503.074339057591;71067.23731164492;17968.22001085032;2729962.9589488907;2020-12-16
222;2642706.3394942163;500.7663024634523;69649.18679710466;17609.74069416383;2729965.266985485;2020-12-17
223;2644449.688024566;498.5145942676391;68259.42139007301;17258.409279041934;2729967.518693681;2020-12-18
224;2646158.2548670312;496.3176404714005;66897.37734826158;16914.08343218438;2729969.715647477;2020-12-19
225;2647832.7335795257;494.1739190699947;65562.50214476963;16576.623644582967;2729971.8593688784;2020-12-20
226;2649473.8039074903;492.0819580195494;64254.254245948236;16245.893176490408;2729973.951329929;2020-12-21
227;2651082.132057904;490.04033329446554;62972.10289361166;15921.758003138379;2729975.9929546537;2020-12-22
228;2652658.3709702217;488.04766695502684;61715.5278915235;15604.086759247813;2729977.985620993;2020-12-23
229;2654203.160578078;486.10262546544794;60484.01939604578;15292.750688358801;2729979.9306624825;2020-12-24
230;2655717.128068066;484.20391800451245;59277.07771090726;14987.623590970257;2729981.8293699436;2020-12-25
231;2657200.888133285;482.3502948463297;58094.213085999945;14688.581773817163;2729983.6829931024;2020-12-26
232;2658655.043219512;480.5405457541006;56934.94552011991;14395.504002562746;2729985.4927421943;2020-12-27
233;2660080.1837702957;478.77349856359996;55798.80456759571;14108.27145149332;2729987.259789385;2020-12-28
234;2661476.888465286;477.0480177728852;54685.329148714074;13826.767656175112;2729988.9852701756;2020-12-29
235;2662845.7244536914;475.36300318636336;53594.067363872346;13550.878467198714;2729990.6702847625;2020-12-30
236;2664187.247583609;473.71738857473326;52524.57631137332;13280.492004391754;2729992.315899374;2020-12-31
237;2665502.0026262654;472.11014047612605;51476.421908831035;13015.498612376348;2729993.9231474726;2021-01-01
238;2666790.5234959465;470.54025701531197;50449.178718097515;12755.79081688919;2729995.493030933;2021-01-02
239;2668053.333465737;469.0067667645949;49442.429773624295;12501.263281823152;2729997.0265211845;2021-01-03
240;2669290.945382046;467.5087276297885;48455.76641418973;12251.812764083199;2729998.524560319;2021-01-04
241;2670503.861874037;466.04522579227586;47488.78811795324;12007.338070166066;2729999.9880621564;2021-01-05
242;2671692.575550144;464.6153747507026;46541.10234080972;11767.740022244201;2730001.417913198;2021-01-06
243;2672857.569194606;463.21831437432553;45612.32435790961;11532.921421058973;2730002.8149735746;2021-01-07
244;2673999.3159713815;461.8532099352767;44702.077108259364;11302.786998372709;2730004.180078014;2021-01-08
245;2675118.279616668;460.51925122298854;43809.991042421854;11077.243377636263;2730005.514036726;2021-01-09
246;2676214.9146201974;459.2156517280984;42935.70397326333;10856.199042759985;2730006.8176362207;2021-01-10
247;2677289.6664101263;457.9416478232746;42078.86092960779;10639.564300391685;2730008.091640126;2021-01-11
248;2678342.9715354755;456.6964979693373;41239.11401278854;10427.251241715981;2730009.33678998;2021-01-12
249;2679375.257841485;455.4794819682736;40416.122256038165;10219.173708457869;2730010.5538059813;2021-01-13
250;2680386.9446440553;454.289900246176;39609.551486671175;10015.24725697663;2730011.7433877033;2021-01-14
251;2681378.442900568;453.1270731592878;38819.07419097748;9815.389123244706;2730012.90621479;2021-01-15
252;2682350.155373835;451.9903403286871;38044.36938180118;9619.51819198437;2730014.0429476206;2021-01-16
253;2683302.4767948156;450.8790600006176;37285.12246872978;9427.554964403034;2730015.1542279483;2021-01-17
254;2684235.794024703;449.79260843213956;36541.025130865295;9239.421523948804;2730016.2406795174;2021-01-18
255;2685150.486211546;448.7303792996346;35811.77519210073;9055.041505003075;2730017.30290865;2021-01-19
256;2686046.9249422527;447.6917831309397;35097.07649888665;8874.340063679401;2730018.3415048188;2021-01-20
257;2686925.474395077;446.6762467570591;34396.638800385816;8697.2438457296;2730019.3570411927;2021-01-21
258;2687786.491486728;445.6832127859226;33710.17763101057;8523.680957424991;2730020.350075164;2021-01-22
259;2688630.3260143762;444.71213909804175;33037.41419533386;8353.580939141486;2730021.3211488514;2021-01-23
260;2689457.320800604;443.76249835839576;32378.07525535723;8186.874733630182;2730022.270789591;2021-01-24
261;2690267.811831235;442.83377754289336;31731.893019568175;8023.494659603567;2730023.1995104067;2021-01-25
262;2691062.1283915318;441.92547749313655;31098.60503495076;7863.374383973719;2730024.1078104563;2021-01-26
263;2691840.593199815;441.0371124789964;30477.954080622698;7706.44889503256;2730024.9961754703;2021-01-27
264;2692603.5225384985;440.16820977030085;29869.688063180307;7552.6544765005365;2730025.865078179;2021-01-28
265;2693351.2263815743;439.3183092492237;29273.559915560174;7401.928681566035;2730026.7149787005;2021-01-29
266;2694084.0085212635;438.4869630035641;28689.327495985624;7254.210307696821;2730027.546324946;2021-01-30
267;2694802.166690357;437.6737349623149;28116.75349056165;7109.439372068548;2730028.3595529874;2021-01-31
268;2695505.9926831373;436.87820053252307;27555.60531707643;6967.557087203378;2730029.155087417;2021-02-01
269;2696195.772474594;436.0999462411814;27005.655030235164;6828.505836879095;2730029.933341708;2021-02-02
270;2696871.7863353295;435.33856941135855;26466.679230029276;6692.229153179623;2730030.6947185383;2021-02-03
271;2697534.3089450593;434.5936778300489;25938.458971300726;6558.671693759748;2730031.43961012;2021-02-04
272;2698183.6095058382;433.8648894300008;25420.7796736419;6427.7792190397295;2730032.16839852;2021-02-05
273;2698819.9518488455;433.151831999307;24913.431036374306;6299.498570730652;2730032.8814559504;2021-02-06
274;2699443.5945431516;432.45414287696445;24416.206951941902;6173.777649979327;2730033.579145073;2021-02-07
275;2700054.7909995546;431.77146868289566;23928.905423193602;6050.565396518661;2730034.2618192667;2021-02-08
276;2700653.789572758;431.1034650398505;23451.3284820739;5929.811768077804;2730034.9298229096;2021-02-09
277;2701240.8336675274;430.44979629222433;22983.282105051647;5811.467719078193;2730035.5834916574;2021-02-10
278;2701816.161828558;429.81013528934267;22524.576141528865;5695.485182573103;2730036.22315266;2021-02-11
279;2702380.0078439526;429.1841631101262;22075.024231441115;5581.817049445271;2730036.849124839;2021-02-12
280;2702932.6008404843;428.5715688244963;21634.443729396728;5470.417149244038;2730037.461719125;2021-02-13
281;2703474.165367241;427.972049305475;21202.655638049044;5361.2402333540795;2730038.061238644;2021-02-14
282;2704004.921502497;427.3853089384214;20779.484522988943;5254.241953525337;2730038.6479790113;2021-02-15
283;2704525.0849251123;426.8110594833682;20364.758455858097;5149.378847495658;2730039.222228466;2021-02-16
284;2705034.867018366;426.24901979957616;19958.308931662905;5046.60831812069;2730039.7842681496;2021-02-17
285;2705534.474944696;425.69891568997883;19559.970809227998;4945.888618335689;2730040.3343722597;2021-02-18
286;2706024.1117333914;425.1604796933224;19169.582241346376;4847.1788335184665;2730040.872808256;2021-02-19
287;2706503.976357985;424.6334509142857;18786.984613133336;4750.438865917016;2730041.399837035;2021-02-20
288;2706974.2638100116;424.11757486958544;18412.02248326222;4655.629419806143;2730041.9157130797;2021-02-21
289;2707435.1652128827;423.61260317963036;18044.543493283345;4562.711978603794;2730042.4206847697;2021-02-22
290;2707886.8678910295;423.11829343216687;17684.398312534868;4471.6487909531315;2730042.9149945173;2021-02-23
291;2708329.5554498327;422.63440900487814;17331.440574468845;4382.402854642715;2730043.398878944;2021-02-24
292;2708763.407805036;422.16071906330416;16985.52685319506;4294.93791065539;2730043.8725688863;2021-02-25
293;2709188.601252034;421.69699842239913;16646.516608271722;4209.218429221357;2730044.336289527;2021-02-26
294;2709605.308588762;421.2430272244788;16314.272086834715;4125.209585128374;2730044.7902607247;2021-02-27
295;2710013.6991533907;420.7985909120327;15988.658293537266;4042.8772501093617;2730045.2346970374;2021-02-28
296;2710413.9388866154;420.36348011654917;15669.542940916057;3962.1879803013558;2730045.6698078327;2021-03-01
297;2710806.190461203;419.9374902409649;15356.796346275367;3883.108990229959;2730046.0957977083;2021-03-02
298;2711190.6133244853;419.52042143461154;15050.291397794594;3805.6081442350833;2730046.5128665147;2021-03-03
299;2711567.3637082432;419.11207871406197;14749.903546562593;3729.6539544293655;2730046.921209235;2021-03-04
300;2711936.594717765;418.7122717236847;14455.510735663547;3655.2155627969664;2730047.321016226;2021-03-05
301;2712298.4563908004;418.32081463060564;14166.993353195578;3582.262729322779;2730047.712473319;2021-03-06
302;2712653.0958063267;417.93752578448306;13884.234145685426;3510.7658101525262;2730048.095762165;2021-03-07
303;2713000.6571158264;417.5622277379286;13607.11819312002;3440.695751264834;2730048.4710602113;2021-03-08
304;2713341.281576869;417.1947472540727;13335.532882144036;3372.0240816822866;2730048.8385406956;2021-03-09
305;2713675.107626128;416.83491512750584;13069.367847903422;3304.7228987901985;2730049.198372822;2021-03-10
306;2714002.27093487;416.4825660847072;12808.51492983026;3238.764857164385;2730049.5507218647;2021-03-11
307;2714322.9044774305;416.13753860766366;12552.868117136286;3174.1231547749603;2730049.8957493417;2021-03-12
308;2714637.1385741774;415.7996748982328;12302.323514534022;3110.771524339726;2730050.233613051;2021-03-13
309;2714945.100939967;415.46882080804306;12056.779303607254;3048.68422356675;2730050.5644671414;2021-03-14
310;2715246.9167387527;415.1448257302359;11816.13569931214;2987.8360241540236;2730050.888462219;2021-03-15
311;2715542.708634193;414.8275425114646;11580.2949096461;2928.202201598222;2730051.205745437;2021-03-16
312;2715832.596853571;414.5168273021772;11349.161084702895;2869.758522372783;2730051.516460647;2021-03-17
313;2716116.6992230997;414.2125395334559;11122.640288542689;2812.481236773097;2730051.8207484153;2021-03-18
314;2716395.131213905;413.914541843968;10900.640462548196;2756.3470696522686;2730052.118746105;2021-03-19
315;2716668.0059912093;413.6226999905739;10683.071386223379;2701.3332105259533;2730052.4105879585;2021-03-20
316;2716935.434460461;413.3368827702908;10469.844640433777;2647.4173042837065;2730052.6964051784;2021-03-21
317;2717197.525322435;413.0569618957896;10260.873563516807;2594.577440101228;2730052.976326053;2021-03-22
318;2717454.3851061095;412.78281197754023;10056.073225052118;2542.7921448093934;2730053.250475971;2021-03-23
319;2717706.1182119385;412.5143104525435;9855.360391377093;2492.0403741803243;2730053.518977496;2021-03-24
320;2717952.8269552183;412.2513375101611;9658.65349102577;2442.301504194329;2730053.7819504384;2021-03-25
321;2718194.6116086505;411.99377602095063;9465.872580813311;2393.555322463928;2730054.039511928;2021-03-26
322;2718431.5704547465;411.74151142315145;9276.939304122827;2345.7820176560303;2730054.2917765253;2021-03-27
323;2718663.7998094577;411.49443172662603;9091.776872005601;2298.9621747587908;2730054.5388562223;2021-03-28
324;2718891.3940634127;411.25242744230377;8910.310030325601;2253.0767667681157;2730054.7808605065;2021-03-29
325;2719114.4457209883;411.0153915189838;8732.465028628152;2208.1071468130567;2730055.0178964296;2021-03-30
326;2719333.045436768;410.7832192893192;8558.16959108187;2164.0350408095496;2730055.2500686594;2021-03-31
327;2719547.2820601505;410.55580838297556;8387.352880923418;2120.842538491754;2730055.477479566;2021-04-01
328;2719757.2426834423;410.3330586250048;8219.945462129659;2078.5120837520703;2730055.700229324;2021-04-02
329;2719963.0126492498;410.1148720899649;8055.879293519316;2037.02647308993;2730055.918415859;2021-04-03
330;2720164.675595203;409.9011530105909;7895.087693109194;1996.368846626397;2730056.1321349386;2021-04-04
331;2720362.313487714;409.6918077274206;7737.505311203423;1956.5226813037193;2730056.341480221;2021-04-05
332;2720556.006654413;409.4867446422202;7583.068104542244;1917.4717843514447;2730056.5465433067;2021-04-06
333;2720745.8338291612;409.2858741263015;7431.71330043435;1879.2002842267764;2730056.7474138224;2021-04-07
334;2720931.872178227;409.08910849377025;7283.379375889763;1841.6926253382564;2730056.9441794553;2021-04-08
335;2721114.1973209586;408.8963619929548;7138.006041124922;1804.9335638723903;2730057.136925956;2021-04-09
336;2721292.883366025;408.7075507423123;6995.534210683922;1768.9081604974745;2730057.3257372063;2021-04-10
337;2721468.002940749;408.52259268946153;6855.905980056395;1733.6017744539436;2730057.510695259;2021-04-11
338;2721639.6272210754;408.34140756737287;6719.064601792211;1699.0000575140302;2730057.6918803817;2021-04-12
339;2721807.8259758856;408.16391680397993;6584.9544502324225;1665.08894502664;2730057.8693711446;2021-04-13
340;2721972.667577676;407.9900435383006;6453.521012942002;1631.8546537927002;2730058.043244411;2021-04-14
341;2722134.2190305684;407.8197125804276;6324.710868382477;1599.283676417666;2730058.2135753687;2021-04-15
342;2722292.5459999405;407.65285036556566;6198.4716623075;1567.362775335323;2730058.380437583;2021-04-16
343;2722447.7128383904;407.4893849189355;6074.752087065996;1536.0789775736434;2730058.54390303;2021-04-17
344;2722599.7826151703;407.32924580989754;5953.5018581300965;1505.4195688383602;2730058.704042139;2021-04-18
345;2722748.8171521947;407.1723640862155;5834.671685365977;1475.372086301486;2730058.860923862;2021-04-19
346;2722894.877030488;407.0186722941681;5718.213267938464;1445.9243172279355;2730059.0146156545;2021-04-20
347;2723038.021620314;406.8681044287387;5604.079270276643;1417.0642929290261;2730059.16518352;2021-04-21
348;2723178.3091055155;406.72059590012543;5492.22330267058;1388.7802838623209;2730059.3126920485;2021-04-22
349;2723315.79650648;406.57608350362204;5382.599902960665;1361.0607950041622;2730059.457204445;2021-04-23
350;2723450.5397106586;406.434505368548;5275.1645122265745;1333.8945596944025;2730059.5987825794;2021-04-24
351;2723582.5934956176;406.29580092690236;5169.873456412458;1307.2705349911362;2730059.7374870214;2021-04-25
352;2723712.011539597;406.1599109153571;5066.683937883686;1281.177899552218;2730059.873377033;2021-04-26
353;2723838.8464485053;406.02677733222805;4965.55401391961;1255.606048191334;2730060.0065106163;2021-04-27
354;2723963.1497767726;405.89634341057956;4866.442580089016;1230.5445876759522;2730060.1369445375;2021-04-28
355;2724084.972047846;405.7685535918478;4769.309353913315;1205.9833325972209;2730060.264734356;2021-04-29
356;2724204.3627864807;405.6433534698755;4674.1148491753875;1181.9122988224465;2730060.3899344783;2021-04-30
357;2724321.3705265215;405.52068979525757;4580.820369667333;1158.3217019639733;2730060.5125981527;2021-05-01
358;2724436.042830588;405.40051044984125;4489.3879935013;1135.20195340932;2730060.6327774986;2021-05-02
359;2724548.4263109453;405.28276441790496;4399.780556478922;1112.5436561059496;2730060.75052353;2021-05-03
360;2724658.5666480046;405.1674017628527;4311.961637349593;1090.3376008313758;2730060.8658861853;2021-05-04
361;2724766.5086102635;405.05437360020204;4225.89554189951;1068.5747621848832;2730060.978914348;2021-05-05
362;2724872.2960809316;404.94363205463236;4141.547281675586;1047.2462932863166;2730061.0896558934;2021-05-06
363;2724975.9720630962;404.8351302669606;4058.882569940239;1026.3435246447002;2730061.198157681;2021-05-07
364;2725077.578700264;404.72882236480876;3977.86780527467;1005.857960044597;2730061.304465583;2021-05-08
365;2725177.1572942683;404.62466343912206;3898.4700572941883;985.7812729468415;2730061.4086245093;2021-05-09
366;2725274.748321901;404.5226095233567;3820.657053384197;966.1053031396489;2730061.510678425;2021-05-10
367;2725370.39145127;404.4226175730341;3744.397165659808;946.8220534457965;2730061.6106703756;2021-05-11
368;2725464.1255612476;404.3246454396966;3669.6593955184194;927.9236857427222;2730061.708642509;2021-05-12
369;2725555.988755348;404.2286518545471;3596.4133625402064;909.4025182051956;2730061.8046360933;2021-05-13
370;2725646.0183757218;404.13459641171363;3524.629293298178;891.2510225164823;2730061.8986915364;2021-05-14
371;2725734.2510199496;404.04243954641044;3454.2780079931513;873.4618204591761;2730061.990848402;2021-05-15
372;2725820.722556351;403.95214251554194;3385.3309082519577;856.0276808296617;2730062.081145433;2021-05-16
373;2725905.4681391087;403.86366737843804;3317.7599650718794;838.9415163891507;2730062.16962057;2021-05-17
374;2725988.5222194395;403.77697698740104;3251.537709923468;822.1963815979683;2730062.2563109607;2021-05-18
375;2726069.9185525314;403.69203498879915;3186.637229238854;805.7854711892793;2730062.3412529593;2021-05-19
376;2726149.6902254783;403.6088057699149;3123.03214211832;789.7021145821158;2730062.424482179;2021-05-20
377;2726227.869665854;403.52725445518035;3060.6965935089866;773.9397741302173;2730062.506033493;2021-05-21
378;2726304.488654739;403.44734689067303;2999.6052438291686;758.4920424893741;2730062.5859410577;2021-05-22
379;2726379.5783399744;403.36904962770217;2939.733258407737;743.3526399385122;2730062.6642383207;2021-05-23
